{"muOsna": {"skill": [0.319101540746241, 0.35975496565806575, 0.3276406162984965, 0.34360497493966957, 0.31947280490068686, 0.21700389827362176, 0.2338964173009096, 0.09188787822535716, 0.28420271022832744, 0.3291256729162799, 0.3229998143679228, 0.16558381288286617, 0.2782624837571932, 0.37052162613699646, 0.18971598292184888, 0.3231854464451458, 0.25505847410432514, 0.32188602190458515, 0.3005383330239465, 0.13012808613328375]}, "wernig": {"skill": [0.43356299212598426, 0.33562992125984237, 0.5201771653543309, 0.4557086614173228, 0.5898129921259843, 0.40797244094488205, 0.47268700787401574, 0.4586614173228346, 0.4106791338582678, 0.5349409448818898, 0.33686023622047245, 0.3786909448818898, 0.44881889763779526, 0.5019685039370079, 0.3307086614173228, 0.4512795275590552, 0.4303641732283465, 0.6402559055118111, 0.5204232283464567, 0.3351377952755906]}, "braunl": {"skill": [0.17191173810815685, 0.05878097305118457, 0.28241996744438413, 0.21332971604268391, 0.3400253210345451, 0.09576776994031477, 0.1736299511665762, 0.21721830349068538, 0.2932718393922952, 0.24995478386688352, 0.11909929462832336, 0.1882799782962561, 0.1837583649846265, 0.20392476035449447, 0.23295351781515639, 0.1791463194067643, 0.2385603183215771, 0.2097124253933803, 0.22092602640622172, 0.2599023331524688]}, "redlen": {"skill": [0.43453134895503487, 0.4829797340088663, 0.37974984167194414, 0.3227517416086131, 0.3841830272324256, 0.47284673844205194, 0.4048448385053832, 0.47284673844205194, 0.38014566181127296, 0.37096263457884726, 0.42796073464217843, 0.37816656111462943, 0.42202343255224817, 0.4418144395186827, 0.37222925902469917, 0.3674794173527549, 0.5057789740341988, 0.33074730842305256, 0.4460892970234326, 0.41268207726409123]}}