{"muOsna": {"ets": [0.3683399666195916, 0.34866220735785924, 0.34866220735785924, 0.47470972908047526, 0.3683399666195916, 0.2573792486583182, 0.31676156089432045, 0.3991625959525469, 0.3218692570228407, 0.39730502245814636, 0.46366279069767447, 0.4129656635290997, 0.44373503591380686, 0.41332538381278894, 0.34866220735785924, 0.28287924655230395, 0.42783305336606814, 0.34866220735785924, 0.2980148883374687, 0.378972378972379]}, "wernig": {"ets": [0.4848653151902249, 0.38590071959995115, 0.43216820677648315, 0.41672780630961087, 0.46615632554391595, 0.3906711923792838, 0.41468801766979546, 0.26275115919629083, 0.43221045113676937, 0.5202618019774402, 0.33134130146082336, 0.36476228525769055, 0.34250945179584114, 0.34250945179584114, 0.541588582960934, 0.3356948228882836, 0.36873119358074197, 0.35057397136592305, 0.3830832902224521, 0.400377121307354]}, "braunl": {"ets": [0.6645617855198693, 0.6182422228933856, 0.6288756655183214, 0.5642581356867072, 0.6521647971485481, 0.6756500684282555, 0.6057802266347854, 0.5506094808126409, 0.5869081049675607, 0.5374965151937553, 0.6121112929623569, 0.6182422228933856, 0.6348603122432209, 0.6406550085919337, 0.670199100834939, 0.680923777961889, 0.6756500684282555, 0.6083406240886556, 0.5869081049675607, 0.6226915729144555]}, "redlen": {"ets": [0.4738758029978586, 0.4603773584905661, 0.4686648501362397, 0.4005692599620494, 0.39327940261356564, 0.40200511106742676, 0.39327940261356564, 0.43864181583317957, 0.38107366771159856, 0.32490013315579247, 0.5059121621621622, 0.42793367346938777, 0.4378525172341758, 0.39327940261356564, 0.4686648501362397, 0.5059121621621622, 0.4544849023090587, 0.5204918032786884, 0.4442433838498079, 0.44092093831450896]}}