{"specific": {"braunl": {"accuracy": [0.919831223628692, 0.9240506329113924, 0.9451476793248945, 0.9409282700421941, 0.919831223628692, 0.9367088607594937, 0.9240506329113924, 0.9029535864978903, 0.9029535864978903, 0.9240506329113924, 0.9156118143459916, 0.9409282700421941, 0.9451476793248945, 0.9240506329113924, 0.9282700421940928, 0.9367088607594937, 0.9409282700421941, 0.9324894514767933, 0.9282700421940928, 0.9029535864978903], "frequency_bias": [0.9752475247524752, 1.0102564102564102, 0.9949494949494949, 1.0, 1.0260416666666667, 0.9949494949494949, 1.0207253886010363, 1.047872340425532, 1.0591397849462365, 1.0207253886010363, 1.031413612565445, 1.0207253886010363, 1.0051020408163265, 1.0423280423280423, 1.0154639175257731, 0.985, 0.9899497487437185, 1.0102564102564102, 1.0260416666666667, 1.047872340425532], "log_odds_ratio": [4.148411783492376, 4.314817884980432, 5.011111371229742, 4.85171133551634, 4.286046587701492, 4.6874082842250635, 4.378448813325997, 3.9765057214372117, 4.0943445622221, 4.378448813325997, 4.200583812558616, 4.985127534549044, 5.035714978493279, 4.595896549202762, 4.479120936271708, 4.697276585967502, 4.846808319938465, 4.589814797904896, 4.562452456302937, 3.9765057214372117], "ets": [0.5376322004312557, 0.5805309734513273, 0.670199100834939, 0.6521647971485481, 0.57212086659065, 0.6288756655183214, 0.5869081049675607, 0.5181223479490805, 0.5247188072194611, 0.5869081049675607, 0.5578770637067438, 0.6632497716431544, 0.6756500684282555, 0.5990978291513956, 0.6022704837117472, 0.6226915729144555, 0.6463440630995524, 0.6182422228933856, 0.6083406240886556, 0.5181223479490805]}, "muOsna": {"accuracy": [0.9308943089430894, 0.9308943089430894, 0.926829268292683, 0.9349593495934959, 0.9186991869918699, 0.9146341463414634, 0.926829268292683, 0.9308943089430894, 0.9227642276422764, 0.926829268292683, 0.9308943089430894, 0.9308943089430894, 0.9308943089430894, 0.926829268292683, 0.9308943089430894, 0.9349593495934959, 0.9227642276422764, 0.926829268292683, 0.943089430894309, 0.926829268292683], "frequency_bias": [0.9778761061946902, 0.9525862068965517, 0.973568281938326, 0.973568281938326, 1.0, 0.9692982456140351, 0.9650655021834061, 0.9778761061946902, 0.9608695652173913, 0.973568281938326, 0.9608695652173913, 0.9866071428571429, 0.9692982456140351, 0.973568281938326, 0.9778761061946902, 0.973568281938326, 0.9866071428571429, 1.0, 0.973568281938326, 0.9910313901345291], "log_odds_ratio": [3.820040615716496, 4.0447207173040916, 3.6589212665731443, 4.007002552066953, 3.4547381485901854, 3.17890380914965, 3.6857977875765284, 3.820040615716496, 3.5246784384331766, 3.6589212665731443, 3.9135602847470325, 3.8255309740747023, 3.845883202923601, 3.6589212665731443, 3.820040615716496, 4.007002552066953, 3.523012680846477, 3.7347258422393548, 4.3990681005287335, 3.6873157321377534], "ets": [0.41313499859668823, 0.36035484857754635, 0.3807859040693608, 0.42997827661115123, 0.38384470882905464, 0.30396119644300695, 0.3633357296908701, 0.41313499859668823, 0.33037249283667625, 0.3807859040693608, 0.378972378972379, 0.4288445779841571, 0.39653679653679624, 0.3807859040693608, 0.41313499859668823, 0.42997827661115123, 0.3823995771670188, 0.42783305336606814, 0.48280522600991127, 0.4129656635290997]}, "redlen": {"accuracy": [0.8888888888888888, 0.9188034188034188, 0.9017094017094017, 0.8974358974358975, 0.9017094017094017, 0.8931623931623932, 0.8931623931623932, 0.905982905982906, 0.9102564102564102, 0.8931623931623932, 0.9017094017094017, 0.905982905982906, 0.8931623931623932, 0.9102564102564102, 0.9102564102564102, 0.9017094017094017, 0.8888888888888888, 0.9017094017094017, 0.8632478632478633, 0.9017094017094017], "frequency_bias": [1.0, 0.9852216748768473, 0.9950248756218906, 1.0204081632653061, 1.0362694300518134, 1.015228426395939, 1.0471204188481675, 1.0309278350515463, 1.0256410256410255, 1.0256410256410255, 1.0050251256281406, 0.9803921568627451, 1.015228426395939, 0.9950248756218906, 0.9950248756218906, 0.9852216748768473, 1.0309278350515463, 0.9950248756218906, 1.0638297872340425, 1.015228426395939], "log_odds_ratio": [3.145732339654936, 3.9156527734787248, 3.449987545831587, 3.4621580814518427, 3.6909606203177607, 3.324288287228722, 3.554927805126851, 3.7653443404395888, 3.844814255734696, 3.3877743613300146, 3.489134256172728, 3.534621930972297, 3.324288287228722, 3.6820379222972197, 3.6820379222972197, 3.4240120594283265, 3.3178157727231046, 3.449987545831587, 2.9662098342876693, 3.54162799674695], "ets": [0.38183296078032936, 0.49327558696147716, 0.42793367346938777, 0.435010060362173, 0.465647339158062, 0.41347503509123706, 0.4413674560733384, 0.47852512155591564, 0.49193548387096786, 0.4230769230769232, 0.4378525172341758, 0.43065693430656926, 0.41347503509123706, 0.4643557880967953, 0.4643557880967953, 0.41765851547284144, 0.4116054158607349, 0.42793367346938777, 0.35112651646447146, 0.4474332648870635]}, "wernig": {"accuracy": [0.9320754716981132, 0.9471698113207547, 0.9358490566037736, 0.9358490566037736, 0.9320754716981132, 0.9283018867924528, 0.9320754716981132, 0.9433962264150944, 0.9358490566037736, 0.9358490566037736, 0.9320754716981132, 0.9320754716981132, 0.9358490566037736, 0.9433962264150944, 0.9245283018867925, 0.9320754716981132, 0.9358490566037736, 0.9433962264150944, 0.9358490566037736, 0.9283018867924528], "frequency_bias": [0.9682539682539683, 0.976, 0.9799196787148594, 0.9799196787148594, 0.991869918699187, 0.9799196787148594, 0.991869918699187, 0.9721115537848606, 0.9878542510121457, 0.9959183673469387, 0.991869918699187, 0.9838709677419355, 0.9799196787148594, 0.9721115537848606, 0.9838709677419355, 0.991869918699187, 0.9799196787148594, 0.9799196787148594, 0.9878542510121457, 1.0041152263374487], "log_odds_ratio": [3.3815178237157095, 4.189654742026425, 3.585201024639095, 3.585201024639095, 3.479700443150099, 3.234467919628037, 3.479700443150099, 3.9990343824177756, 3.617460171884143, 3.672072335797555, 3.479700443150099, 3.426839812275493, 3.585201024639095, 3.9990343824177756, 3.096708190893993, 3.479700443150099, 3.585201024639095, 3.9623358193017353, 3.617460171884143, 3.4404180948154366], "ets": [0.2791295148859003, 0.41204437400950855, 0.33934594515324856, 0.33934594515324856, 0.3453197913807304, 0.28924336533032213, 0.3453197913807304, 0.37213710314326337, 0.36026696961090576, 0.3799036476256022, 0.3453197913807304, 0.3246495823304545, 0.33934594515324856, 0.37213710314326337, 0.27674672489082974, 0.3453197913807304, 0.33934594515324856, 0.39350015257857823, 0.36026696961090576, 0.35057397136592305]}}}