{"specific": {"muOsna": {"0": {"mse": 0.36150171599652947, "skill": 0.3471319844069055}, "1": {"mse": 0.30801311022903516, "skill": 0.34824577687024294}, "2": {"mse": 0.3782375251782225, "skill": 0.1490625580100241}, "3": {"mse": 0.23559730734335002, "skill": 0.42175607945052895}, "4": {"mse": 0.32669974821996095, "skill": 0.3450900315574532}, "5": {"mse": 0.34964980168826926, "skill": 0.33098199368850933}, "6": {"mse": 0.3517340674502545, "skill": 0.4204566549099684}, "7": {"mse": 0.2500477752634218, "skill": 0.37070725821421946}, "8": {"mse": 0.26543887320575377, "skill": 0.32819751253016527}, "9": {"mse": 0.32584693316613506, "skill": 0.38165955077037306}, "10": {"mse": 0.3324880323126615, "skill": 0.3023946537961759}, "11": {"mse": 0.2931093626942343, "skill": 0.385372192314832}, "12": {"mse": 0.31181940325876406, "skill": 0.4030072396510117}, "13": {"mse": 0.2741336700853338, "skill": 0.4410618154817152}, "14": {"mse": 0.20249194426699102, "skill": 0.3445331353257842}, "15": {"mse": 0.3862788411320666, "skill": 0.22350102097642466}, "16": {"mse": 0.3695344192477421, "skill": 0.23612400222758478}, "17": {"mse": 0.27402015270657826, "skill": 0.3515871542602561}, "18": {"mse": 0.41396264002303845, "skill": 0.2491182476331909}, "19": {"mse": 0.5069118062066532, "skill": 0.20772229441247436}}, "wernig": {"0": {"mse": 1.3884065491040494, "skill": 0.22760826771653553}, "1": {"mse": 1.2852148924822722, "skill": 0.2785433070866141}, "2": {"mse": 0.767153130033438, "skill": 0.1707677165354332}, "3": {"mse": 0.7501956007667869, "skill": 0.2819881889763779}, "4": {"mse": 1.133495503939152, "skill": 0.46702755905511817}, "5": {"mse": 0.5893132381088652, "skill": 0.3235728346456693}, "6": {"mse": 0.6373355094628227, "skill": 0.35925196850393715}, "7": {"mse": 0.6949041844924645, "skill": 0.3946850393700789}, "8": {"mse": 1.4576941013760354, "skill": 0.2642716535433074}, "9": {"mse": 1.8108631393152588, "skill": 0.06348425196850427}, "10": {"mse": 0.9087280308295815, "skill": 0.37303149606299213}, "11": {"mse": 0.7764497978109498, "skill": 0.06200787401574792}, "12": {"mse": 1.543795080771954, "skill": 0.25762795275590566}, "13": {"mse": 0.7088756884709416, "skill": 0.19734251968503957}, "14": {"mse": 0.9607398087746026, "skill": 0.345718503937008}, "15": {"mse": 1.7159990566960022, "skill": 0.15551181102362188}, "16": {"mse": 1.1554850275351203, "skill": 0.20890748031496076}, "17": {"mse": 0.7673123937246277, "skill": 0.2969980314960631}, "18": {"mse": 1.2406746396521968, "skill": 0.2883858267716536}, "19": {"mse": 0.8932149268392903, "skill": 0.33907480314960636}}, "braunl": {"0": {"mse": 0.3357119221545007, "skill": 0.13429191535539864}, "1": {"mse": 0.43988999705471576, "skill": 0.22933622716585278}, "2": {"mse": 0.38442736614542905, "skill": 0.21450533550370765}, "3": {"mse": 0.42482109835015713, "skill": 0.21387230964007964}, "4": {"mse": 0.40432111006629057, "skill": 0.20537167661421596}, "5": {"mse": 0.42632207478815964, "skill": 0.20374389582202923}, "6": {"mse": 0.287881101011335, "skill": 0.2852233676975945}, "7": {"mse": 0.3780686673049248, "skill": 0.23159703382166763}, "8": {"mse": 0.38893850716720146, "skill": 0.23213962741906313}, "9": {"mse": 0.4170739606194139, "skill": 0.19008862362090795}, "10": {"mse": 0.3554118905179494, "skill": 0.2386507505878097}, "11": {"mse": 0.37996259114345055, "skill": 0.18900343642611683}, "12": {"mse": 0.4207067027574939, "skill": 0.18719479110146509}, "13": {"mse": 0.4073425897236428, "skill": 0.13230240549828176}, "14": {"mse": 0.40694602647015543, "skill": 0.1284138180502804}, "15": {"mse": 0.41807554136797426, "skill": 0.23684210526315785}, "16": {"mse": 0.5172144229841219, "skill": 0.14179779345270405}, "17": {"mse": 0.37834938951202257, "skill": 0.35919696147585467}, "18": {"mse": 0.33849680320500714, "skill": 0.2543859649122807}, "19": {"mse": 0.41363598523058104, "skill": 0.19687104358835217}}, "redlen": {"0": {"mse": 0.42773530310121044, "skill": 0.3381095630145662}, "1": {"mse": 0.34901300507162525, "skill": 0.38378720709309677}, "2": {"mse": 0.4119532901302525, "skill": 0.25055414819506017}, "3": {"mse": 0.3251490713693957, "skill": 0.4145028499050032}, "4": {"mse": 0.1922051136604361, "skill": 0.5411652944901837}, "5": {"mse": 0.48830619541534714, "skill": 0.30802723242558583}, "6": {"mse": 0.4742171419331901, "skill": 0.32568081063964527}, "7": {"mse": 1.1676447542774746, "skill": 0.4789423685877138}, "8": {"mse": 0.1998326613953979, "skill": 0.367162761241292}, "9": {"mse": 0.4393174865519118, "skill": 0.5112412919569347}, "10": {"mse": 0.6293216745793377, "skill": 0.44418936035465484}, "11": {"mse": 0.22743130400783435, "skill": 0.4890753641545281}, "12": {"mse": 0.37341870413987, "skill": 0.367162761241292}, "13": {"mse": 0.3880075644157161, "skill": 0.573385053831539}, "14": {"mse": 0.689408940959345, "skill": 0.46326789107029775}, "15": {"mse": 0.25762664175971683, "skill": 0.43951868271057626}, "16": {"mse": 0.23435182243879815, "skill": 0.478863204559848}, "17": {"mse": 0.3949329414996129, "skill": 0.5004749841671943}, "18": {"mse": 0.1831413443888858, "skill": 0.43492716909436346}, "19": {"mse": 0.6826209406834952, "skill": 0.5193951868271058}}}}